epoch,acc,loss,lr,val_acc,val_loss
0,0.25392252,2.12607081364715,0.001,0.2937,5.988926138359899
1,0.23861271,2.164754117523826,0.001,0.2378,2.173417501556226
